,fxy_l,fxy_r,percentage_l,percentage_r,variance_l,variance_r,cxy_l,cxy_r,接受,数量
0,inf,0.0,inf,0.0,inf,0.3,inf,0.1,True,"[2, 0]"
1,inf,0.0,inf,0.0,inf,0.3,0.1,-inf,False,"[0, 1]"
2,inf,0.0,inf,0.0,0.3,0.4,inf,0.1,True,"[2, 0]"
3,inf,0.0,inf,0.0,0.3,0.4,0.1,-inf,False,"[0, 1]"
4,inf,0.0,inf,0.0,0.4,0.5,inf,0.1,True,"[2, 0]"
5,inf,0.0,inf,0.0,0.4,0.5,0.1,-inf,False,"[0, 1]"
6,inf,0.0,inf,0.0,0.5,0.6,inf,0.1,True,"[2, 0]"
7,inf,0.0,inf,0.0,0.5,0.6,0.1,-inf,False,"[0, 1]"
8,inf,0.0,inf,0.0,0.6,0.7,inf,0.1,True,"[2, 0]"
9,inf,0.0,inf,0.0,0.6,0.7,0.1,-inf,False,"[0, 1]"
10,inf,0.0,inf,0.0,0.7,0.8,inf,0.1,True,"[2, 0]"
11,inf,0.0,inf,0.0,0.7,0.8,0.1,-inf,False,"[0, 1]"
12,inf,0.0,inf,0.0,0.8,0.9,inf,0.1,True,"[2, 0]"
13,inf,0.0,inf,0.0,0.8,0.9,0.1,-inf,False,"[0, 1]"
14,inf,0.0,inf,0.0,0.9,1.0,inf,0.1,True,"[2, 0]"
15,inf,0.0,inf,0.0,0.9,1.0,0.1,-inf,False,"[0, 1]"
16,inf,0.0,inf,0.0,1.0,1.1,inf,0.1,True,"[2, 0]"
17,inf,0.0,inf,0.0,1.0,1.1,0.1,-inf,False,"[0, 1]"
18,inf,0.0,inf,0.0,1.1,1.2,inf,0.1,True,"[2, 0]"
19,inf,0.0,inf,0.0,1.1,1.2,0.1,-inf,False,"[0, 1]"
20,inf,0.0,inf,0.0,1.2,1.3,inf,0.1,True,"[2, 0]"
21,inf,0.0,inf,0.0,1.2,1.3,0.1,-inf,False,"[0, 1]"
22,inf,0.0,inf,0.0,1.3,1.6,inf,-inf,True,"[6, 0]"
23,inf,0.0,inf,0.0,1.6,1.7,inf,0.1,True,"[2, 0]"
24,inf,0.0,inf,0.0,1.6,1.7,0.1,-inf,False,"[0, 1]"
25,inf,0.0,inf,0.0,1.7,2.0,inf,-inf,True,"[6, 0]"
26,inf,0.0,inf,0.0,2.0,-inf,inf,0.1,True,"[1, 0]"
27,inf,0.0,inf,0.0,2.0,-inf,0.1,-inf,False,"[0, 1]"
28,inf,0.0,0.0,0.1,inf,0.3,inf,0.1,True,"[2, 0]"
29,inf,0.0,0.0,0.1,inf,0.3,0.1,-inf,False,"[0, 1]"
30,inf,0.0,0.0,0.1,0.3,0.4,inf,0.1,True,"[2, 0]"
31,inf,0.0,0.0,0.1,0.3,0.4,0.1,-inf,False,"[0, 1]"
32,inf,0.0,0.0,0.1,0.4,0.5,inf,0.1,True,"[2, 0]"
33,inf,0.0,0.0,0.1,0.4,0.5,0.1,-inf,False,"[0, 1]"
34,inf,0.0,0.0,0.1,0.5,0.6,inf,0.1,True,"[2, 0]"
35,inf,0.0,0.0,0.1,0.5,0.6,0.1,-inf,False,"[0, 1]"
36,inf,0.0,0.0,0.1,0.6,0.7,inf,0.1,True,"[2, 0]"
37,inf,0.0,0.0,0.1,0.6,0.7,0.1,-inf,False,"[0, 1]"
38,inf,0.0,0.0,0.1,0.7,0.8,inf,0.1,True,"[2, 0]"
39,inf,0.0,0.0,0.1,0.7,0.8,0.1,-inf,False,"[0, 1]"
40,inf,0.0,0.0,0.1,0.8,0.9,inf,0.1,True,"[2, 0]"
41,inf,0.0,0.0,0.1,0.8,0.9,0.1,-inf,False,"[0, 1]"
42,inf,0.0,0.0,0.1,0.9,1.0,inf,0.1,True,"[2, 0]"
43,inf,0.0,0.0,0.1,0.9,1.0,0.1,-inf,False,"[0, 1]"
44,inf,0.0,0.0,0.1,1.0,1.1,inf,0.1,True,"[2, 0]"
45,inf,0.0,0.0,0.1,1.0,1.1,0.1,-inf,False,"[0, 1]"
46,inf,0.0,0.0,0.1,1.1,1.2,inf,0.1,True,"[2, 0]"
47,inf,0.0,0.0,0.1,1.1,1.2,0.1,-inf,False,"[0, 1]"
48,inf,0.0,0.0,0.1,1.2,1.3,inf,-inf,True,"[2, 0]"
49,inf,0.0,0.0,0.1,1.3,1.4,inf,0.1,True,"[2, 0]"
50,inf,0.0,0.0,0.1,1.3,1.4,0.1,-inf,False,"[0, 1]"
51,inf,0.0,0.0,0.1,1.4,1.5,inf,0.1,True,"[2, 0]"
52,inf,0.0,0.0,0.1,1.4,1.5,0.1,-inf,False,"[0, 1]"
53,inf,0.0,0.0,0.1,1.5,2.0,inf,-inf,True,"[10, 0]"
54,inf,0.0,0.0,0.1,2.0,-inf,inf,0.1,True,"[2, 0]"
55,inf,0.0,0.0,0.1,2.0,-inf,0.1,-inf,False,"[0, 1]"
56,inf,0.0,0.1,0.2,inf,0.3,inf,0.1,True,"[2, 0]"
57,inf,0.0,0.1,0.2,inf,0.3,0.1,-inf,False,"[0, 1]"
58,inf,0.0,0.1,0.2,0.3,0.4,inf,0.1,True,"[2, 0]"
59,inf,0.0,0.1,0.2,0.3,0.4,0.1,-inf,False,"[0, 1]"
60,inf,0.0,0.1,0.2,0.4,0.5,inf,0.1,True,"[2, 0]"
61,inf,0.0,0.1,0.2,0.4,0.5,0.1,-inf,False,"[0, 1]"
62,inf,0.0,0.1,0.2,0.5,0.6,inf,0.1,True,"[2, 0]"
63,inf,0.0,0.1,0.2,0.5,0.6,0.1,-inf,False,"[0, 1]"
64,inf,0.0,0.1,0.2,0.6,0.7,inf,0.1,True,"[2, 0]"
65,inf,0.0,0.1,0.2,0.6,0.7,0.1,-inf,False,"[0, 1]"
66,inf,0.0,0.1,0.2,0.7,0.8,inf,0.1,True,"[2, 0]"
67,inf,0.0,0.1,0.2,0.7,0.8,0.1,-inf,False,"[0, 1]"
68,inf,0.0,0.1,0.2,0.8,0.9,inf,0.1,True,"[2, 0]"
69,inf,0.0,0.1,0.2,0.8,0.9,0.1,-inf,False,"[0, 1]"
70,inf,0.0,0.1,0.2,0.9,1.0,inf,0.1,True,"[2, 0]"
71,inf,0.0,0.1,0.2,0.9,1.0,0.1,-inf,False,"[0, 1]"
72,inf,0.0,0.1,0.2,1.0,1.1,inf,0.1,True,"[2, 0]"
73,inf,0.0,0.1,0.2,1.0,1.1,0.1,-inf,False,"[0, 1]"
74,inf,0.0,0.1,0.2,1.1,1.2,inf,0.1,True,"[2, 0]"
75,inf,0.0,0.1,0.2,1.1,1.2,0.1,-inf,False,"[0, 1]"
76,inf,0.0,0.1,0.2,1.2,1.3,inf,0.1,True,"[2, 0]"
77,inf,0.0,0.1,0.2,1.2,1.3,0.1,-inf,False,"[0, 1]"
78,inf,0.0,0.1,0.2,1.3,1.4,inf,0.1,True,"[2, 0]"
79,inf,0.0,0.1,0.2,1.3,1.4,0.1,-inf,False,"[0, 1]"
80,inf,0.0,0.1,0.2,1.4,1.5,inf,0.1,True,"[2, 0]"
81,inf,0.0,0.1,0.2,1.4,1.5,0.1,-inf,False,"[0, 1]"
82,inf,0.0,0.1,0.2,1.5,1.9,inf,-inf,True,"[8, 0]"
83,inf,0.0,0.1,0.2,1.9,2.0,inf,0.1,True,"[2, 0]"
84,inf,0.0,0.1,0.2,1.9,2.0,0.1,-inf,False,"[0, 1]"
85,inf,0.0,0.1,0.2,2.0,-inf,inf,0.1,True,"[2, 0]"
86,inf,0.0,0.1,0.2,2.0,-inf,0.1,-inf,False,"[0, 1]"
87,inf,0.0,0.2,0.3,inf,0.3,inf,0.1,True,"[2, 0]"
88,inf,0.0,0.2,0.3,inf,0.3,0.1,-inf,False,"[0, 1]"
89,inf,0.0,0.2,0.3,0.3,0.4,inf,0.1,True,"[2, 0]"
90,inf,0.0,0.2,0.3,0.3,0.4,0.1,-inf,False,"[0, 1]"
91,inf,0.0,0.2,0.3,0.4,0.5,inf,0.1,True,"[2, 0]"
92,inf,0.0,0.2,0.3,0.4,0.5,0.1,-inf,False,"[0, 1]"
93,inf,0.0,0.2,0.3,0.5,0.6,inf,0.1,True,"[2, 0]"
94,inf,0.0,0.2,0.3,0.5,0.6,0.1,-inf,False,"[0, 1]"
95,inf,0.0,0.2,0.3,0.6,0.7,inf,0.1,True,"[2, 0]"
96,inf,0.0,0.2,0.3,0.6,0.7,0.1,-inf,False,"[0, 1]"
97,inf,0.0,0.2,0.3,0.7,0.8,inf,0.1,True,"[2, 0]"
98,inf,0.0,0.2,0.3,0.7,0.8,0.1,-inf,False,"[0, 1]"
99,inf,0.0,0.2,0.3,0.8,0.9,inf,0.1,True,"[2, 0]"
100,inf,0.0,0.2,0.3,0.8,0.9,0.1,-inf,False,"[0, 1]"
101,inf,0.0,0.2,0.3,0.9,1.0,inf,0.1,True,"[2, 0]"
102,inf,0.0,0.2,0.3,0.9,1.0,0.1,-inf,False,"[0, 1]"
103,inf,0.0,0.2,0.3,1.0,1.1,inf,0.1,True,"[2, 0]"
104,inf,0.0,0.2,0.3,1.0,1.1,0.1,-inf,False,"[0, 1]"
105,inf,0.0,0.2,0.3,1.1,1.3,inf,-inf,True,"[4, 0]"
106,inf,0.0,0.2,0.3,1.3,1.4,inf,0.1,True,"[2, 0]"
107,inf,0.0,0.2,0.3,1.3,1.4,0.1,-inf,False,"[0, 1]"
108,inf,0.0,0.2,0.3,1.4,1.8,inf,-inf,True,"[8, 0]"
109,inf,0.0,0.2,0.3,1.8,1.9,inf,0.1,True,"[2, 0]"
110,inf,0.0,0.2,0.3,1.8,1.9,0.1,-inf,False,"[0, 1]"
111,inf,0.0,0.2,0.3,1.9,2.0,inf,0.1,True,"[2, 0]"
112,inf,0.0,0.2,0.3,1.9,2.0,0.1,-inf,False,"[0, 1]"
113,inf,0.0,0.2,0.3,2.0,-inf,inf,0.1,True,"[2, 0]"
114,inf,0.0,0.2,0.3,2.0,-inf,0.1,-inf,False,"[0, 1]"
115,inf,0.0,0.3,0.4,inf,0.3,inf,0.1,True,"[2, 0]"
116,inf,0.0,0.3,0.4,inf,0.3,0.1,-inf,False,"[0, 1]"
117,inf,0.0,0.3,0.4,0.3,0.4,inf,0.1,True,"[2, 0]"
118,inf,0.0,0.3,0.4,0.3,0.4,0.1,-inf,False,"[0, 1]"
119,inf,0.0,0.3,0.4,0.4,0.5,inf,0.1,True,"[2, 0]"
120,inf,0.0,0.3,0.4,0.4,0.5,0.1,-inf,False,"[0, 1]"
121,inf,0.0,0.3,0.4,0.5,0.6,inf,0.1,True,"[2, 0]"
122,inf,0.0,0.3,0.4,0.5,0.6,0.1,-inf,False,"[0, 1]"
123,inf,0.0,0.3,0.4,0.6,0.7,inf,0.1,True,"[2, 0]"
124,inf,0.0,0.3,0.4,0.6,0.7,0.1,-inf,False,"[0, 1]"
125,inf,0.0,0.3,0.4,0.7,0.8,inf,0.1,True,"[2, 0]"
126,inf,0.0,0.3,0.4,0.7,0.8,0.1,-inf,False,"[0, 1]"
127,inf,0.0,0.3,0.4,0.8,0.9,inf,0.1,True,"[2, 0]"
128,inf,0.0,0.3,0.4,0.8,0.9,0.1,-inf,False,"[0, 1]"
129,inf,0.0,0.3,0.4,0.9,1.0,inf,0.1,True,"[2, 0]"
130,inf,0.0,0.3,0.4,0.9,1.0,0.1,-inf,False,"[0, 1]"
131,inf,0.0,0.3,0.4,1.0,1.1,inf,0.1,True,"[2, 0]"
132,inf,0.0,0.3,0.4,1.0,1.1,0.1,-inf,False,"[0, 1]"
133,inf,0.0,0.3,0.4,1.1,1.2,inf,0.1,True,"[2, 0]"
134,inf,0.0,0.3,0.4,1.1,1.2,0.1,-inf,False,"[0, 1]"
135,inf,0.0,0.3,0.4,1.2,1.3,inf,0.1,True,"[2, 0]"
136,inf,0.0,0.3,0.4,1.2,1.3,0.1,-inf,False,"[0, 1]"
137,inf,0.0,0.3,0.4,1.3,1.4,inf,0.1,True,"[2, 0]"
138,inf,0.0,0.3,0.4,1.3,1.4,0.1,-inf,False,"[0, 1]"
139,inf,0.0,0.3,0.4,1.4,1.5,inf,0.1,True,"[2, 0]"
140,inf,0.0,0.3,0.4,1.4,1.5,0.1,-inf,False,"[0, 1]"
141,inf,0.0,0.3,0.4,1.5,1.6,inf,-inf,True,"[2, 0]"
142,inf,0.0,0.3,0.4,1.6,1.7,inf,0.1,True,"[2, 0]"
143,inf,0.0,0.3,0.4,1.6,1.7,0.1,-inf,False,"[0, 1]"
144,inf,0.0,0.3,0.4,1.7,1.8,inf,-inf,True,"[2, 0]"
145,inf,0.0,0.3,0.4,1.8,1.9,inf,0.1,True,"[2, 0]"
146,inf,0.0,0.3,0.4,1.8,1.9,0.1,-inf,False,"[0, 1]"
147,inf,0.0,0.3,0.4,1.9,2.0,inf,0.1,True,"[2, 0]"
148,inf,0.0,0.3,0.4,1.9,2.0,0.1,-inf,False,"[0, 1]"
149,inf,0.0,0.3,0.4,2.0,-inf,inf,0.1,True,"[2, 0]"
150,inf,0.0,0.3,0.4,2.0,-inf,0.1,-inf,False,"[0, 1]"
151,inf,0.0,0.4,0.5,inf,0.3,inf,0.1,True,"[2, 0]"
152,inf,0.0,0.4,0.5,inf,0.3,0.1,-inf,False,"[0, 1]"
153,inf,0.0,0.4,0.5,0.3,0.4,inf,0.1,True,"[2, 0]"
154,inf,0.0,0.4,0.5,0.3,0.4,0.1,-inf,False,"[0, 1]"
155,inf,0.0,0.4,0.5,0.4,0.5,inf,0.1,True,"[2, 0]"
156,inf,0.0,0.4,0.5,0.4,0.5,0.1,-inf,False,"[0, 1]"
157,inf,0.0,0.4,0.5,0.5,0.6,inf,0.1,True,"[2, 0]"
158,inf,0.0,0.4,0.5,0.5,0.6,0.1,-inf,False,"[0, 1]"
159,inf,0.0,0.4,0.5,0.6,0.7,inf,0.1,True,"[2, 0]"
160,inf,0.0,0.4,0.5,0.6,0.7,0.1,-inf,False,"[0, 1]"
161,inf,0.0,0.4,0.5,0.7,0.8,inf,0.1,True,"[2, 0]"
162,inf,0.0,0.4,0.5,0.7,0.8,0.1,-inf,False,"[0, 1]"
163,inf,0.0,0.4,0.5,0.8,0.9,inf,0.1,True,"[2, 0]"
164,inf,0.0,0.4,0.5,0.8,0.9,0.1,-inf,False,"[0, 1]"
165,inf,0.0,0.4,0.5,0.9,1.0,inf,0.1,True,"[2, 0]"
166,inf,0.0,0.4,0.5,0.9,1.0,0.1,-inf,False,"[0, 1]"
167,inf,0.0,0.4,0.5,1.0,1.1,inf,0.1,True,"[2, 0]"
168,inf,0.0,0.4,0.5,1.0,1.1,0.1,-inf,False,"[0, 1]"
169,inf,0.0,0.4,0.5,1.1,1.2,inf,-inf,True,"[2, 0]"
170,inf,0.0,0.4,0.5,1.2,1.3,inf,0.1,True,"[2, 0]"
171,inf,0.0,0.4,0.5,1.2,1.3,0.1,-inf,False,"[0, 1]"
172,inf,0.0,0.4,0.5,1.3,1.4,inf,-inf,True,"[2, 0]"
173,inf,0.0,0.4,0.5,1.4,1.5,inf,0.1,True,"[2, 0]"
174,inf,0.0,0.4,0.5,1.4,1.5,0.1,-inf,False,"[0, 1]"
175,inf,0.0,0.4,0.5,1.5,1.6,inf,0.1,True,"[2, 0]"
176,inf,0.0,0.4,0.5,1.5,1.6,0.1,-inf,False,"[0, 1]"
177,inf,0.0,0.4,0.5,1.6,2.0,inf,-inf,True,"[8, 0]"
178,inf,0.0,0.4,0.5,2.0,-inf,inf,0.1,True,"[2, 0]"
179,inf,0.0,0.4,0.5,2.0,-inf,0.1,-inf,False,"[0, 1]"
180,inf,0.0,0.5,0.6,inf,0.3,inf,0.1,True,"[2, 0]"
181,inf,0.0,0.5,0.6,inf,0.3,0.1,-inf,False,"[0, 1]"
182,inf,0.0,0.5,0.6,0.3,0.4,inf,0.1,True,"[2, 0]"
183,inf,0.0,0.5,0.6,0.3,0.4,0.1,-inf,False,"[0, 1]"
184,inf,0.0,0.5,0.6,0.4,0.5,inf,0.1,True,"[2, 0]"
185,inf,0.0,0.5,0.6,0.4,0.5,0.1,-inf,False,"[0, 1]"
186,inf,0.0,0.5,0.6,0.5,0.6,inf,0.1,True,"[2, 0]"
187,inf,0.0,0.5,0.6,0.5,0.6,0.1,-inf,False,"[0, 1]"
188,inf,0.0,0.5,0.6,0.6,0.7,inf,0.1,True,"[2, 0]"
189,inf,0.0,0.5,0.6,0.6,0.7,0.1,-inf,False,"[0, 1]"
190,inf,0.0,0.5,0.6,0.7,0.8,inf,0.1,True,"[2, 0]"
191,inf,0.0,0.5,0.6,0.7,0.8,0.1,-inf,False,"[0, 1]"
192,inf,0.0,0.5,0.6,0.8,0.9,inf,0.1,True,"[2, 0]"
193,inf,0.0,0.5,0.6,0.8,0.9,0.1,-inf,False,"[0, 1]"
194,inf,0.0,0.5,0.6,0.9,1.0,inf,0.1,True,"[2, 0]"
195,inf,0.0,0.5,0.6,0.9,1.0,0.1,-inf,False,"[0, 1]"
196,inf,0.0,0.5,0.6,1.0,1.1,inf,0.1,True,"[2, 0]"
197,inf,0.0,0.5,0.6,1.0,1.1,0.1,-inf,False,"[0, 1]"
198,inf,0.0,0.5,0.6,1.1,1.2,inf,-inf,True,"[2, 0]"
199,inf,0.0,0.5,0.6,1.2,1.3,inf,0.1,True,"[2, 0]"
200,inf,0.0,0.5,0.6,1.2,1.3,0.1,-inf,False,"[0, 1]"
201,inf,0.0,0.5,0.6,1.3,1.4,inf,0.1,True,"[2, 0]"
202,inf,0.0,0.5,0.6,1.3,1.4,0.1,-inf,False,"[0, 1]"
203,inf,0.0,0.5,0.6,1.4,1.5,inf,0.1,True,"[2, 0]"
204,inf,0.0,0.5,0.6,1.4,1.5,0.1,-inf,False,"[0, 1]"
205,inf,0.0,0.5,0.6,1.5,1.6,inf,0.1,True,"[2, 0]"
206,inf,0.0,0.5,0.6,1.5,1.6,0.1,-inf,False,"[0, 1]"
207,inf,0.0,0.5,0.6,1.6,1.7,inf,0.1,True,"[2, 0]"
208,inf,0.0,0.5,0.6,1.6,1.7,0.1,-inf,False,"[0, 1]"
209,inf,0.0,0.5,0.6,1.7,1.8,inf,-inf,True,"[2, 0]"
210,inf,0.0,0.5,0.6,1.8,1.9,inf,0.1,True,"[2, 0]"
211,inf,0.0,0.5,0.6,1.8,1.9,0.1,-inf,False,"[0, 1]"
212,inf,0.0,0.5,0.6,1.9,2.0,inf,0.1,True,"[2, 0]"
213,inf,0.0,0.5,0.6,1.9,2.0,0.1,-inf,False,"[0, 1]"
214,inf,0.0,0.5,0.6,2.0,-inf,inf,0.1,True,"[2, 0]"
215,inf,0.0,0.5,0.6,2.0,-inf,0.1,-inf,False,"[0, 1]"
216,inf,0.0,0.6,0.7,inf,0.3,inf,-inf,True,"[2, 0]"
217,inf,0.0,0.6,0.7,0.3,0.4,inf,0.1,True,"[2, 0]"
218,inf,0.0,0.6,0.7,0.3,0.4,0.1,-inf,False,"[0, 1]"
219,inf,0.0,0.6,0.7,0.4,0.5,inf,-inf,True,"[2, 0]"
220,inf,0.0,0.6,0.7,0.5,0.6,inf,0.1,True,"[2, 0]"
221,inf,0.0,0.6,0.7,0.5,0.6,0.1,-inf,False,"[0, 1]"
222,inf,0.0,0.6,0.7,0.6,0.7,inf,0.1,True,"[2, 0]"
223,inf,0.0,0.6,0.7,0.6,0.7,0.1,-inf,False,"[0, 1]"
224,inf,0.0,0.6,0.7,0.7,0.8,inf,0.1,True,"[2, 0]"
225,inf,0.0,0.6,0.7,0.7,0.8,0.1,-inf,False,"[0, 1]"
226,inf,0.0,0.6,0.7,0.8,1.0,inf,-inf,True,"[4, 0]"
227,inf,0.0,0.6,0.7,1.0,1.1,inf,0.1,True,"[2, 0]"
228,inf,0.0,0.6,0.7,1.0,1.1,0.1,-inf,False,"[0, 1]"
229,inf,0.0,0.6,0.7,1.1,1.2,inf,-inf,True,"[2, 0]"
230,inf,0.0,0.6,0.7,1.2,1.3,inf,0.1,True,"[2, 0]"
231,inf,0.0,0.6,0.7,1.2,1.3,0.1,-inf,False,"[0, 1]"
232,inf,0.0,0.6,0.7,1.3,1.4,inf,-inf,True,"[2, 0]"
233,inf,0.0,0.6,0.7,1.4,1.5,inf,0.1,True,"[2, 0]"
234,inf,0.0,0.6,0.7,1.4,1.5,0.1,-inf,False,"[0, 1]"
235,inf,0.0,0.6,0.7,1.5,1.7,inf,-inf,True,"[4, 0]"
236,inf,0.0,0.6,0.7,1.7,1.8,inf,0.1,True,"[2, 0]"
237,inf,0.0,0.6,0.7,1.7,1.8,0.1,-inf,False,"[0, 1]"
238,inf,0.0,0.6,0.7,1.8,1.9,inf,-inf,True,"[2, 0]"
239,inf,0.0,0.6,0.7,1.9,2.0,inf,0.1,True,"[2, 0]"
240,inf,0.0,0.6,0.7,1.9,2.0,0.1,-inf,False,"[0, 1]"
241,inf,0.0,0.6,0.7,2.0,-inf,inf,0.1,True,"[2, 0]"
242,inf,0.0,0.6,0.7,2.0,-inf,0.1,-inf,False,"[0, 1]"
243,inf,0.0,0.7,0.8,inf,0.4,inf,-inf,True,"[4, 0]"
244,inf,0.0,0.7,0.8,0.4,0.5,inf,0.1,True,"[2, 0]"
245,inf,0.0,0.7,0.8,0.4,0.5,0.1,-inf,False,"[0, 1]"
246,inf,0.0,0.7,0.8,0.5,0.6,inf,-inf,True,"[2, 0]"
247,inf,0.0,0.7,0.8,0.6,0.7,inf,0.1,True,"[2, 0]"
248,inf,0.0,0.7,0.8,0.6,0.7,0.1,-inf,False,"[0, 1]"
249,inf,0.0,0.7,0.8,0.7,1.1,inf,-inf,True,"[8, 0]"
250,inf,0.0,0.7,0.8,1.1,1.2,inf,0.1,True,"[2, 0]"
251,inf,0.0,0.7,0.8,1.1,1.2,0.1,-inf,False,"[0, 1]"
252,inf,0.0,0.7,0.8,1.2,1.3,inf,0.1,True,"[2, 0]"
253,inf,0.0,0.7,0.8,1.2,1.3,0.1,-inf,False,"[0, 1]"
254,inf,0.0,0.7,0.8,1.3,1.4,inf,0.1,True,"[2, 0]"
255,inf,0.0,0.7,0.8,1.3,1.4,0.1,-inf,False,"[0, 1]"
256,inf,0.0,0.7,0.8,1.4,1.5,inf,0.1,True,"[2, 0]"
257,inf,0.0,0.7,0.8,1.4,1.5,0.1,-inf,False,"[0, 1]"
258,inf,0.0,0.7,0.8,1.5,1.6,inf,-inf,True,"[2, 0]"
259,inf,0.0,0.7,0.8,1.6,1.7,inf,0.1,True,"[2, 0]"
260,inf,0.0,0.7,0.8,1.6,1.7,0.1,-inf,False,"[0, 1]"
261,inf,0.0,0.7,0.8,1.7,1.8,inf,0.1,True,"[2, 0]"
262,inf,0.0,0.7,0.8,1.7,1.8,0.1,-inf,False,"[0, 1]"
263,inf,0.0,0.7,0.8,1.8,1.9,inf,0.1,True,"[2, 0]"
264,inf,0.0,0.7,0.8,1.8,1.9,0.1,-inf,False,"[0, 1]"
265,inf,0.0,0.7,0.8,1.9,2.0,inf,0.1,True,"[2, 0]"
266,inf,0.0,0.7,0.8,1.9,2.0,0.1,-inf,False,"[0, 1]"
267,inf,0.0,0.7,0.8,2.0,-inf,inf,0.1,True,"[2, 0]"
268,inf,0.0,0.7,0.8,2.0,-inf,0.1,-inf,False,"[0, 1]"
269,inf,0.0,0.8,0.9,inf,0.3,inf,-inf,True,"[2, 0]"
270,inf,0.0,0.8,0.9,0.3,0.4,inf,0.1,True,"[2, 0]"
271,inf,0.0,0.8,0.9,0.3,0.4,0.1,-inf,False,"[0, 1]"
272,inf,0.0,0.8,0.9,0.4,0.5,inf,0.1,True,"[2, 0]"
273,inf,0.0,0.8,0.9,0.4,0.5,0.1,-inf,False,"[0, 1]"
274,inf,0.0,0.8,0.9,0.5,0.6,inf,-inf,True,"[2, 0]"
275,inf,0.0,0.8,0.9,0.6,0.7,inf,0.1,True,"[2, 0]"
276,inf,0.0,0.8,0.9,0.6,0.7,0.1,-inf,False,"[0, 1]"
277,inf,0.0,0.8,0.9,0.7,0.8,inf,0.1,True,"[2, 0]"
278,inf,0.0,0.8,0.9,0.7,0.8,0.1,-inf,False,"[0, 1]"
279,inf,0.0,0.8,0.9,0.8,0.9,inf,0.1,True,"[2, 0]"
280,inf,0.0,0.8,0.9,0.8,0.9,0.1,-inf,False,"[0, 1]"
281,inf,0.0,0.8,0.9,0.9,1.0,inf,0.1,True,"[2, 0]"
282,inf,0.0,0.8,0.9,0.9,1.0,0.1,-inf,False,"[0, 1]"
283,inf,0.0,0.8,0.9,1.0,1.1,inf,0.1,True,"[2, 0]"
284,inf,0.0,0.8,0.9,1.0,1.1,0.1,-inf,False,"[0, 1]"
285,inf,0.0,0.8,0.9,1.1,1.2,inf,0.1,True,"[2, 0]"
286,inf,0.0,0.8,0.9,1.1,1.2,0.1,-inf,False,"[0, 1]"
287,inf,0.0,0.8,0.9,1.2,1.4,inf,-inf,True,"[4, 0]"
288,inf,0.0,0.8,0.9,1.4,1.5,inf,0.1,True,"[2, 0]"
289,inf,0.0,0.8,0.9,1.4,1.5,0.1,-inf,False,"[0, 1]"
290,inf,0.0,0.8,0.9,1.5,1.6,inf,-inf,True,"[2, 0]"
291,inf,0.0,0.8,0.9,1.6,1.7,inf,0.1,True,"[2, 0]"
292,inf,0.0,0.8,0.9,1.6,1.7,0.1,-inf,False,"[0, 1]"
293,inf,0.0,0.8,0.9,1.7,1.8,inf,0.1,True,"[2, 0]"
294,inf,0.0,0.8,0.9,1.7,1.8,0.1,-inf,False,"[0, 1]"
295,inf,0.0,0.8,0.9,1.8,1.9,inf,0.1,True,"[2, 0]"
296,inf,0.0,0.8,0.9,1.8,1.9,0.1,-inf,False,"[0, 1]"
297,inf,0.0,0.8,0.9,1.9,2.0,inf,0.1,True,"[2, 0]"
298,inf,0.0,0.8,0.9,1.9,2.0,0.1,-inf,False,"[0, 1]"
299,inf,0.0,0.8,0.9,2.0,-inf,inf,0.1,True,"[2, 0]"
300,inf,0.0,0.8,0.9,2.0,-inf,0.1,-inf,False,"[0, 1]"
301,inf,0.0,0.9,-inf,inf,0.4,inf,-inf,True,"[4, 0]"
302,inf,0.0,0.9,-inf,0.4,0.5,inf,0.1,True,"[2, 0]"
303,inf,0.0,0.9,-inf,0.4,0.5,0.1,-inf,False,"[0, 1]"
304,inf,0.0,0.9,-inf,0.5,0.6,inf,0.1,True,"[2, 0]"
305,inf,0.0,0.9,-inf,0.5,0.6,0.1,-inf,False,"[0, 1]"
306,inf,0.0,0.9,-inf,0.6,0.7,inf,0.1,True,"[2, 0]"
307,inf,0.0,0.9,-inf,0.6,0.7,0.1,-inf,False,"[0, 1]"
308,inf,0.0,0.9,-inf,0.7,0.8,inf,0.1,True,"[2, 0]"
309,inf,0.0,0.9,-inf,0.7,0.8,0.1,-inf,False,"[0, 1]"
310,inf,0.0,0.9,-inf,0.8,0.9,inf,0.1,True,"[2, 0]"
311,inf,0.0,0.9,-inf,0.8,0.9,0.1,-inf,False,"[0, 1]"
312,inf,0.0,0.9,-inf,0.9,1.0,inf,0.1,True,"[2, 0]"
313,inf,0.0,0.9,-inf,0.9,1.0,0.1,-inf,False,"[0, 1]"
314,inf,0.0,0.9,-inf,1.0,1.1,inf,0.1,True,"[2, 0]"
315,inf,0.0,0.9,-inf,1.0,1.1,0.1,-inf,False,"[0, 1]"
316,inf,0.0,0.9,-inf,1.1,1.2,inf,0.1,True,"[2, 0]"
317,inf,0.0,0.9,-inf,1.1,1.2,0.1,-inf,False,"[0, 1]"
318,inf,0.0,0.9,-inf,1.2,1.3,inf,0.1,True,"[2, 0]"
319,inf,0.0,0.9,-inf,1.2,1.3,0.1,-inf,False,"[0, 1]"
320,inf,0.0,0.9,-inf,1.3,1.4,inf,0.1,True,"[2, 0]"
321,inf,0.0,0.9,-inf,1.3,1.4,0.1,-inf,False,"[0, 1]"
322,inf,0.0,0.9,-inf,1.4,1.5,inf,-inf,True,"[2, 0]"
323,inf,0.0,0.9,-inf,1.5,1.6,inf,0.1,True,"[2, 0]"
324,inf,0.0,0.9,-inf,1.5,1.6,0.1,-inf,False,"[0, 1]"
325,inf,0.0,0.9,-inf,1.6,1.7,inf,0.1,True,"[2, 0]"
326,inf,0.0,0.9,-inf,1.6,1.7,0.1,-inf,False,"[0, 1]"
327,inf,0.0,0.9,-inf,1.7,1.8,inf,0.1,True,"[2, 0]"
328,inf,0.0,0.9,-inf,1.7,1.8,0.1,-inf,False,"[0, 1]"
329,inf,0.0,0.9,-inf,1.8,1.9,inf,0.1,True,"[2, 0]"
330,inf,0.0,0.9,-inf,1.8,1.9,0.1,-inf,False,"[0, 1]"
331,inf,0.0,0.9,-inf,1.9,2.0,inf,0.1,True,"[2, 0]"
332,inf,0.0,0.9,-inf,1.9,2.0,0.1,-inf,False,"[0, 1]"
333,inf,0.0,0.9,-inf,2.0,-inf,inf,0.1,True,"[2, 0]"
334,inf,0.0,0.9,-inf,2.0,-inf,0.1,-inf,False,"[0, 1]"
335,0.0,0.02,inf,0.0,inf,0.3,inf,0.0,True,"[1, 0]"
336,0.0,0.02,inf,0.0,inf,0.3,0.0,-inf,False,"[0, 1]"
337,0.0,0.02,inf,0.0,0.3,0.4,inf,0.0,True,"[1, 0]"
338,0.0,0.02,inf,0.0,0.3,0.4,0.0,-inf,False,"[0, 1]"
339,0.0,0.02,inf,0.0,0.4,0.5,inf,0.0,True,"[1, 0]"
340,0.0,0.02,inf,0.0,0.4,0.5,0.0,-inf,False,"[0, 1]"
341,0.0,0.02,inf,0.0,0.5,0.6,inf,0.0,True,"[1, 0]"
342,0.0,0.02,inf,0.0,0.5,0.6,0.0,-inf,False,"[0, 1]"
343,0.0,0.02,inf,0.0,0.6,0.7,inf,0.0,True,"[1, 0]"
344,0.0,0.02,inf,0.0,0.6,0.7,0.0,-inf,False,"[0, 1]"
345,0.0,0.02,inf,0.0,0.7,0.8,inf,0.0,True,"[1, 0]"
346,0.0,0.02,inf,0.0,0.7,0.8,0.0,-inf,False,"[0, 1]"
347,0.0,0.02,inf,0.0,0.8,0.9,inf,-inf,True,"[1, 0]"
348,0.0,0.02,inf,0.0,0.9,1.0,inf,0.0,True,"[1, 0]"
349,0.0,0.02,inf,0.0,0.9,1.0,0.0,-inf,False,"[0, 1]"
350,0.0,0.02,inf,0.0,1.0,1.3,inf,-inf,True,"[2, 0]"
351,0.0,0.02,inf,0.0,1.3,1.5,inf,-inf,False,"[0, 1]"
352,0.0,0.02,inf,0.0,1.5,-inf,inf,-inf,True,"[2, 0]"
353,0.0,0.02,0.0,0.1,inf,0.3,inf,0.0,True,"[1, 0]"
354,0.0,0.02,0.0,0.1,inf,0.3,0.0,-inf,False,"[0, 1]"
355,0.0,0.02,0.0,0.1,0.3,0.4,inf,0.0,True,"[1, 0]"
356,0.0,0.02,0.0,0.1,0.3,0.4,0.0,-inf,False,"[0, 1]"
357,0.0,0.02,0.0,0.1,0.4,0.5,inf,0.0,True,"[1, 0]"
358,0.0,0.02,0.0,0.1,0.4,0.5,0.0,-inf,False,"[0, 1]"
359,0.0,0.02,0.0,0.1,0.5,0.6,inf,0.0,True,"[1, 0]"
360,0.0,0.02,0.0,0.1,0.5,0.6,0.0,-inf,False,"[0, 1]"
361,0.0,0.02,0.0,0.1,0.6,0.7,inf,0.0,True,"[1, 0]"
362,0.0,0.02,0.0,0.1,0.6,0.7,0.0,-inf,False,"[0, 1]"
363,0.0,0.02,0.0,0.1,0.7,0.8,inf,0.0,True,"[1, 0]"
364,0.0,0.02,0.0,0.1,0.7,0.8,0.0,-inf,False,"[0, 1]"
365,0.0,0.02,0.0,0.1,0.8,0.9,inf,0.0,True,"[1, 0]"
366,0.0,0.02,0.0,0.1,0.8,0.9,0.0,-inf,False,"[0, 1]"
367,0.0,0.02,0.0,0.1,0.9,1.0,inf,0.0,True,"[1, 0]"
368,0.0,0.02,0.0,0.1,0.9,1.0,0.0,-inf,False,"[0, 1]"
369,0.0,0.02,0.0,0.1,1.0,1.1,inf,0.0,True,"[1, 0]"
370,0.0,0.02,0.0,0.1,1.0,1.1,0.0,-inf,False,"[0, 1]"
371,0.0,0.02,0.0,0.1,1.1,1.2,inf,0.0,True,"[1, 0]"
372,0.0,0.02,0.0,0.1,1.1,1.2,0.0,-inf,False,"[0, 1]"
373,0.0,0.02,0.0,0.1,1.2,1.3,inf,-inf,False,"[0, 1]"
374,0.0,0.02,0.0,0.1,1.3,-inf,inf,-inf,True,"[2, 0]"
375,0.0,0.02,0.1,0.2,inf,0.3,inf,0.0,True,"[1, 0]"
376,0.0,0.02,0.1,0.2,inf,0.3,0.0,-inf,False,"[0, 1]"
377,0.0,0.02,0.1,0.2,0.3,0.4,inf,0.0,True,"[1, 0]"
378,0.0,0.02,0.1,0.2,0.3,0.4,0.0,-inf,False,"[0, 1]"
379,0.0,0.02,0.1,0.2,0.4,0.5,inf,0.0,True,"[1, 0]"
380,0.0,0.02,0.1,0.2,0.4,0.5,0.0,-inf,False,"[0, 1]"
381,0.0,0.02,0.1,0.2,0.5,0.6,inf,0.0,True,"[1, 0]"
382,0.0,0.02,0.1,0.2,0.5,0.6,0.0,-inf,False,"[0, 1]"
383,0.0,0.02,0.1,0.2,0.6,0.7,inf,0.0,True,"[1, 0]"
384,0.0,0.02,0.1,0.2,0.6,0.7,0.0,-inf,False,"[0, 1]"
385,0.0,0.02,0.1,0.2,0.7,0.9,inf,-inf,True,"[2, 0]"
386,0.0,0.02,0.1,0.2,0.9,1.0,inf,0.0,True,"[1, 0]"
387,0.0,0.02,0.1,0.2,0.9,1.0,0.0,-inf,False,"[0, 1]"
388,0.0,0.02,0.1,0.2,1.0,1.4,inf,-inf,True,"[4, 0]"
389,0.0,0.02,0.1,0.2,1.4,-inf,inf,-inf,False,"[0, 1]"
390,0.0,0.02,0.2,0.3,inf,0.3,inf,0.0,True,"[1, 0]"
391,0.0,0.02,0.2,0.3,inf,0.3,0.0,-inf,False,"[0, 1]"
392,0.0,0.02,0.2,0.3,0.3,0.4,inf,0.0,True,"[1, 0]"
393,0.0,0.02,0.2,0.3,0.3,0.4,0.0,-inf,False,"[0, 1]"
394,0.0,0.02,0.2,0.3,0.4,0.5,inf,0.0,True,"[1, 0]"
395,0.0,0.02,0.2,0.3,0.4,0.5,0.0,-inf,False,"[0, 1]"
396,0.0,0.02,0.2,0.3,0.5,0.6,inf,0.0,True,"[1, 0]"
397,0.0,0.02,0.2,0.3,0.5,0.6,0.0,-inf,False,"[0, 1]"
398,0.0,0.02,0.2,0.3,0.6,0.7,inf,0.0,True,"[1, 0]"
399,0.0,0.02,0.2,0.3,0.6,0.7,0.0,-inf,False,"[0, 1]"
400,0.0,0.02,0.2,0.3,0.7,0.8,inf,0.0,True,"[1, 0]"
401,0.0,0.02,0.2,0.3,0.7,0.8,0.0,-inf,False,"[0, 1]"
402,0.0,0.02,0.2,0.3,0.8,0.9,inf,0.0,True,"[1, 0]"
403,0.0,0.02,0.2,0.3,0.8,0.9,0.0,-inf,False,"[0, 1]"
404,0.0,0.02,0.2,0.3,0.9,1.0,inf,-inf,True,"[1, 0]"
405,0.0,0.02,0.2,0.3,1.0,1.3,inf,0.0,True,"[1, 0]"
406,0.0,0.02,0.2,0.3,1.0,1.3,0.0,-inf,False,"[0, 1]"
407,0.0,0.02,0.2,0.3,1.3,-inf,inf,0.0,True,"[1, 0]"
408,0.0,0.02,0.2,0.3,1.3,-inf,0.0,-inf,False,"[0, 1]"
409,0.0,0.02,0.3,0.4,inf,0.3,inf,0.0,True,"[1, 0]"
410,0.0,0.02,0.3,0.4,inf,0.3,0.0,-inf,False,"[0, 1]"
411,0.0,0.02,0.3,0.4,0.3,0.4,inf,0.0,True,"[1, 0]"
412,0.0,0.02,0.3,0.4,0.3,0.4,0.0,-inf,False,"[0, 1]"
413,0.0,0.02,0.3,0.4,0.4,0.5,inf,0.0,True,"[1, 0]"
414,0.0,0.02,0.3,0.4,0.4,0.5,0.0,-inf,False,"[0, 1]"
415,0.0,0.02,0.3,0.4,0.5,0.6,inf,0.0,True,"[1, 0]"
416,0.0,0.02,0.3,0.4,0.5,0.6,0.0,-inf,False,"[0, 1]"
417,0.0,0.02,0.3,0.4,0.6,0.7,inf,0.0,True,"[1, 0]"
418,0.0,0.02,0.3,0.4,0.6,0.7,0.0,-inf,False,"[0, 1]"
419,0.0,0.02,0.3,0.4,0.7,0.8,inf,0.0,True,"[1, 0]"
420,0.0,0.02,0.3,0.4,0.7,0.8,0.0,-inf,False,"[0, 1]"
421,0.0,0.02,0.3,0.4,0.8,0.9,inf,0.0,True,"[1, 0]"
422,0.0,0.02,0.3,0.4,0.8,0.9,0.0,-inf,False,"[0, 1]"
423,0.0,0.02,0.3,0.4,0.9,1.0,inf,0.0,True,"[1, 0]"
424,0.0,0.02,0.3,0.4,0.9,1.0,0.0,-inf,False,"[0, 1]"
425,0.0,0.02,0.3,0.4,1.0,1.1,inf,-inf,True,"[1, 0]"
426,0.0,0.02,0.3,0.4,1.1,1.2,inf,0.0,True,"[1, 0]"
427,0.0,0.02,0.3,0.4,1.1,1.2,0.0,-inf,False,"[0, 1]"
428,0.0,0.02,0.3,0.4,1.2,-inf,inf,-inf,False,"[0, 1]"
429,0.0,0.02,0.4,0.5,inf,0.3,inf,0.0,True,"[1, 0]"
430,0.0,0.02,0.4,0.5,inf,0.3,0.0,-inf,False,"[0, 1]"
431,0.0,0.02,0.4,0.5,0.3,0.4,inf,0.0,True,"[1, 0]"
432,0.0,0.02,0.4,0.5,0.3,0.4,0.0,-inf,False,"[0, 1]"
433,0.0,0.02,0.4,0.5,0.4,0.5,inf,0.0,True,"[1, 0]"
434,0.0,0.02,0.4,0.5,0.4,0.5,0.0,-inf,False,"[0, 1]"
435,0.0,0.02,0.4,0.5,0.5,0.6,inf,0.0,True,"[1, 0]"
436,0.0,0.02,0.4,0.5,0.5,0.6,0.0,-inf,False,"[0, 1]"
437,0.0,0.02,0.4,0.5,0.6,0.7,inf,0.0,True,"[1, 0]"
438,0.0,0.02,0.4,0.5,0.6,0.7,0.0,-inf,False,"[0, 1]"
439,0.0,0.02,0.4,0.5,0.7,0.8,inf,0.0,True,"[1, 0]"
440,0.0,0.02,0.4,0.5,0.7,0.8,0.0,-inf,False,"[0, 1]"
441,0.0,0.02,0.4,0.5,0.8,0.9,inf,0.0,True,"[1, 0]"
442,0.0,0.02,0.4,0.5,0.8,0.9,0.0,-inf,False,"[0, 1]"
443,0.0,0.02,0.4,0.5,0.9,1.0,inf,0.0,True,"[1, 0]"
444,0.0,0.02,0.4,0.5,0.9,1.0,0.0,-inf,False,"[0, 1]"
445,0.0,0.02,0.4,0.5,1.0,1.2,inf,-inf,True,"[2, 0]"
446,0.0,0.02,0.4,0.5,1.2,1.3,inf,0.0,True,"[1, 0]"
447,0.0,0.02,0.4,0.5,1.2,1.3,0.0,-inf,False,"[0, 1]"
448,0.0,0.02,0.4,0.5,1.3,-inf,inf,-inf,False,"[0, 2]"
449,0.0,0.02,0.5,0.6,inf,0.3,inf,0.0,True,"[1, 0]"
450,0.0,0.02,0.5,0.6,inf,0.3,0.0,-inf,False,"[0, 1]"
451,0.0,0.02,0.5,0.6,0.3,0.4,inf,0.0,True,"[1, 0]"
452,0.0,0.02,0.5,0.6,0.3,0.4,0.0,-inf,False,"[0, 1]"
453,0.0,0.02,0.5,0.6,0.4,0.5,inf,-inf,True,"[1, 0]"
454,0.0,0.02,0.5,0.6,0.5,0.6,inf,0.0,True,"[1, 0]"
455,0.0,0.02,0.5,0.6,0.5,0.6,0.0,-inf,False,"[0, 1]"
456,0.0,0.02,0.5,0.6,0.6,0.7,inf,0.0,True,"[1, 0]"
457,0.0,0.02,0.5,0.6,0.6,0.7,0.0,-inf,False,"[0, 1]"
458,0.0,0.02,0.5,0.6,0.7,-inf,inf,-inf,False,"[0, 5]"
459,0.0,0.02,0.6,0.7,inf,0.3,inf,0.0,True,"[1, 0]"
460,0.0,0.02,0.6,0.7,inf,0.3,0.0,-inf,False,"[0, 1]"
461,0.0,0.02,0.6,0.7,0.3,0.4,inf,0.0,True,"[1, 0]"
462,0.0,0.02,0.6,0.7,0.3,0.4,0.0,-inf,False,"[0, 1]"
463,0.0,0.02,0.6,0.7,0.4,0.5,inf,0.0,True,"[1, 0]"
464,0.0,0.02,0.6,0.7,0.4,0.5,0.0,-inf,False,"[0, 1]"
465,0.0,0.02,0.6,0.7,0.5,0.6,inf,-inf,False,"[0, 1]"
466,0.0,0.02,0.6,0.7,0.6,0.7,inf,0.0,True,"[1, 0]"
467,0.0,0.02,0.6,0.7,0.6,0.7,0.0,-inf,False,"[0, 1]"
468,0.0,0.02,0.6,0.7,0.7,2.0,inf,-inf,False,"[0, 7]"
469,0.0,0.02,0.6,0.7,2.0,-inf,inf,-inf,True,"[1, 0]"
470,0.0,0.02,0.7,0.8,inf,0.3,inf,-inf,False,"[0, 1]"
471,0.0,0.02,0.7,0.8,0.3,0.4,inf,0.0,True,"[1, 0]"
472,0.0,0.02,0.7,0.8,0.3,0.4,0.0,-inf,False,"[0, 1]"
473,0.0,0.02,0.7,0.8,0.4,0.5,inf,0.0,True,"[1, 0]"
474,0.0,0.02,0.7,0.8,0.4,0.5,0.0,-inf,False,"[0, 1]"
475,0.0,0.02,0.7,0.8,0.5,0.6,inf,0.0,True,"[1, 0]"
476,0.0,0.02,0.7,0.8,0.5,0.6,0.0,-inf,False,"[0, 1]"
477,0.0,0.02,0.7,0.8,0.6,0.7,inf,0.0,True,"[1, 0]"
478,0.0,0.02,0.7,0.8,0.6,0.7,0.0,-inf,False,"[0, 1]"
479,0.0,0.02,0.7,0.8,0.7,0.8,inf,0.0,True,"[1, 0]"
480,0.0,0.02,0.7,0.8,0.7,0.8,0.0,-inf,False,"[0, 1]"
481,0.0,0.02,0.7,0.8,0.8,-inf,inf,-inf,False,"[0, 6]"
482,0.0,0.02,0.8,0.9,inf,0.4,inf,0.0,True,"[1, 0]"
483,0.0,0.02,0.8,0.9,inf,0.4,0.0,-inf,False,"[0, 1]"
484,0.0,0.02,0.8,0.9,0.4,0.5,inf,0.0,True,"[1, 0]"
485,0.0,0.02,0.8,0.9,0.4,0.5,0.0,-inf,False,"[0, 1]"
486,0.0,0.02,0.8,0.9,0.5,0.6,inf,0.0,True,"[1, 0]"
487,0.0,0.02,0.8,0.9,0.5,0.6,0.0,-inf,False,"[0, 1]"
488,0.0,0.02,0.8,0.9,0.6,1.0,inf,-inf,False,"[0, 4]"
489,0.0,0.02,0.8,0.9,1.0,1.1,inf,0.0,True,"[1, 0]"
490,0.0,0.02,0.8,0.9,1.0,1.1,0.0,-inf,False,"[0, 1]"
491,0.0,0.02,0.8,0.9,1.1,1.5,inf,-inf,False,"[0, 2]"
492,0.0,0.02,0.8,0.9,1.5,2.0,inf,-inf,True,"[1, 0]"
493,0.0,0.02,0.8,0.9,2.0,-inf,inf,-inf,False,"[0, 1]"
494,0.0,0.02,0.9,-inf,inf,0.5,inf,-inf,False,"[0, 2]"
495,0.0,0.02,0.9,-inf,0.5,0.6,inf,0.0,True,"[1, 0]"
496,0.0,0.02,0.9,-inf,0.5,0.6,0.0,-inf,False,"[0, 1]"
497,0.0,0.02,0.9,-inf,0.6,0.7,inf,-inf,False,"[0, 1]"
498,0.0,0.02,0.9,-inf,0.7,0.8,inf,0.0,True,"[1, 0]"
499,0.0,0.02,0.9,-inf,0.7,0.8,0.0,-inf,False,"[0, 1]"
500,0.0,0.02,0.9,-inf,0.8,0.9,inf,-inf,False,"[0, 1]"
501,0.0,0.02,0.9,-inf,0.9,1.0,inf,0.0,True,"[1, 0]"
502,0.0,0.02,0.9,-inf,0.9,1.0,0.0,-inf,False,"[0, 1]"
503,0.0,0.02,0.9,-inf,1.0,1.1,inf,0.0,True,"[1, 0]"
504,0.0,0.02,0.9,-inf,1.0,1.1,0.0,-inf,False,"[0, 1]"
505,0.0,0.02,0.9,-inf,1.1,1.2,inf,0.0,True,"[1, 0]"
506,0.0,0.02,0.9,-inf,1.1,1.2,0.0,-inf,False,"[0, 1]"
507,0.0,0.02,0.9,-inf,1.2,2.0,inf,-inf,False,"[0, 4]"
508,0.0,0.02,0.9,-inf,2.0,-inf,inf,0.0,True,"[1, 0]"
509,0.0,0.02,0.9,-inf,2.0,-inf,0.0,-inf,False,"[0, 1]"
510,0.02,-inf,inf,-inf,inf,-inf,inf,-inf,False,"[0, 20]"
